#  BK WIDE OPEN WEST GEOFEEDS 6-10-2022,,,
23.28.236.0/23,US,US-MI,Dimondale
24.192.226.0/23,US,US-MI,Dimondale
24.192.228.0/24,US,US-MI,Dimondale
74.199.36.0/24,US,US-MI,Dimondale
74.199.38.0/24,US,US-MI,Dimondale
74.199.41.0/24,US,US-MI,Dimondale
23.28.246.0/24,US,US-MI,Dimondale
96.27.199.0/24,US,US-MI,Dimondale
50.4.98.0/23,US,US-MI,Dimondale
50.4.96.0/24,US,US-MI,Dimondale
50.4.130.0/24,US,US-MI,Dimondale
69.14.242.0/24,US,US-MI,Dimondale
69.14.211.0/24,US,US-MI,Dimondale
69.14.88.0/24,US,US-MI,Dimondale
143.59.184.0/23,US,US-MI,Dimondale
74.199.21.128/25,US,US-MI,Dimondale
143.59.11.0/24,US,US-MI,Dimondale
24.42.209.0/24,US,US-MI,Dimondale
50.4.54.0/24,US,US-MI,Dimondale
24.214.25.0/24,US,US-MI,Dimondale
23.28.195.0/24,US,US-MI,Dimondale
23.28.0.0/20,US,US-MI,Dimondale
23.28.16.0/20,US,US-MI,Dimondale
23.28.32.0/20,US,US-MI,Dimondale
23.28.171.0/24,US,US-MI,Dimondale
143.59.125.0/24,US,US-MI,Dimondale
24.192.121.0/24,US,US-MI,Dimondale
50.4.46.0/24,US,US-MI,Dimondale
23.28.120.0/22,US,US-MI,Dimondale
74.199.32.0/22,US,US-MI,Dimondale
24.236.108.0/24,US,US-MI,Dimondale
24.96.41.0/24,US,US-MI,Dimondale
143.59.72.0/24,US,US-MI,Dimondale
143.59.79.0/24,US,US-MI,Dimondale
216.186.138.0/24,US,US-MI,Dimondale
23.28.176.0/21,US,US-MI,Dimondale
67.149.238.0/23,US,US-MI,Dimondale
69.14.208.0/23,US,US-MI,Dimondale
170.103.0.0/18,US,US-MI,Dimondale
207.98.163.0/24,US,US-MI,Dimondale
23.28.184.0/22,US,US-MI,Dimondale
67.149.84.0/23,US,US-MI,Dimondale
23.28.174.0/23,US,US-MI,Dimondale
23.28.162.0/23,US,US-MI,Dimondale
74.199.24.0/23,US,US-MI,Dimondale
50.4.178.0/23,US,US-MI,Dimondale
74.199.46.0/23,US,US-MI,Dimondale
74.199.44.0/23,US,US-MI,Dimondale
96.27.249.0/24,US,US-MI,Dimondale
69.14.92.0/24,US,US-MI,Dimondale
69.14.118.0/23,US,US-MI,Allen Park
69.14.192.0/22,US,US-MI,Allen Park
67.149.200.0/22,US,US-MI,Allen Park
67.149.136.0/22,US,US-MI,Allen Park
69.14.40.0/22,US,US-MI,Allen Park
69.14.12.0/22,US,US-MI,Allen Park
24.192.48.0/22,US,US-MI,Allen Park
24.192.4.0/22,US,US-MI,Allen Park
24.192.16.0/22,US,US-MI,Allen Park
24.35.51.0/24,US,US-MI,Allen Park
69.14.228.0/23,US,US-MI,Allen Park
24.35.48.0/24,US,US-MI,Allen Park
74.199.37.0/24,US,US-MI,Allen Park
69.14.96.0/21,US,US-MI,Allen Park
50.4.0.0/20,US,US-MI,Allen Park
69.14.56.0/22,US,US-MI,Allen Park
69.14.60.0/22,US,US-MI,Allen Park
24.236.68.0/24,US,US-MI,Allen Park
50.4.17.0/24,US,US-MI,Allen Park
67.149.117.0/24,US,US-MI,Allen Park
67.149.9.0/24,US,US-MI,Allen Park
23.28.160.0/24,US,US-MI,Allen Park
69.1.53.0/24,US,US-MI,Allen Park
23.28.64.0/19,US,US-MI,Canton
24.35.26.0/24,US,US-MI,Canton
143.59.112.128/25,US,US-MI,Canton
23.28.157.0/24,US,US-MI,Canton
143.59.174.0/26,US,US-MI,Canton
67.149.152.0/21,US,US-MI,Centerline
74.199.0.0/20,US,US-MI,Centerline
50.4.112.0/21,US,US-MI,Centerline
96.27.56.0/21,US,US-MI,Centerline
216.130.141.0/24,US,US-MI,Centerline
23.28.169.0/24,US,US-MI,Centerline
74.199.39.0/24,US,US-MI,Centerline
96.27.24.0/21,US,US-MI,Centerline
69.14.72.0/21,US,US-MI,Centerline
24.192.128.0/21,US,US-MI,Centerline
24.192.136.0/21,US,US-MI,Centerline
24.192.144.0/21,US,US-MI,Centerline
24.35.32.0/24,US,US-MI,Centerline
24.192.155.0/25,US,US-MI,Centerline
67.149.240.0/21,US,US-MI,Dearborn
74.199.72.0/22,US,US-MI,Dearborn
50.4.208.0/20,US,US-MI,Dearborn
69.14.232.0/22,US,US-MI,Dearborn
67.149.32.0/21,US,US-MI,Dearborn
69.14.116.0/23,US,US-MI,Dearborn
69.14.243.0/24,US,US-MI,Dearborn
143.59.16.0/20,US,US-MI,Dearborn
69.14.89.0/24,US,US-MI,Dearborn
143.59.244.0/22,US,US-MI,Dearborn
23.28.48.0/20,US,US-MI,Livonia
23.28.238.0/24,US,US-MI,Livonia
23.28.96.0/20,US,US-MI,Livonia
24.192.12.0/22,US,US-MI,Livonia
24.192.30.0/23,US,US-MI,Livonia
50.4.131.0/24,US,US-MI,Livonia
96.27.245.0/24,US,US-MI,Livonia
69.14.247.0/24,US,US-MI,Livonia
50.4.133.0/24,US,US-MI,Livonia
23.28.190.0/23,US,US-MI,Livonia
69.14.160.0/24,US,US-MI,Livonia
69.14.230.0/24,US,US-MI,Livonia
24.96.240.0/24,US,US-MI,Livonia
24.192.229.0/24,US,US-MI,Livonia
96.27.213.0/24,US,US-MI,Livonia
143.59.70.0/24,US,US-MI,Livonia
143.59.231.0/24,US,US-MI,Livonia
67.149.8.0/24,US,US-MI,Livonia
69.73.99.0/24,US,US-MI,Livonia
74.199.50.0/24,US,US-MI,Livonia
64.53.175.0/24,US,US-MI,Livonia
24.35.25.0/24,US,US-MI,Livonia
24.35.46.0/24,US,US-MI,Livonia
143.59.140.0/24,US,US-MI,Livonia
69.14.220.0/24,US,US-MI,Livonia
69.14.168.0/21,US,US-MI,Livonia
69.14.104.0/21,US,US-MI,Livonia
69.14.48.0/21,US,US-MI,Livonia
23.28.200.0/24,US,US-MI,Livonia
67.149.83.0/24,US,US-MI,Livonia
69.1.35.0/24,US,US-MI,Livonia
67.149.25.0/24,US,US-MI,Livonia
24.192.22.0/24,US,US-MI,Livonia
24.192.124.0/24,US,US-MI,Livonia
69.14.93.0/24,US,US-MI,Livonia
69.14.221.0/24,US,US-MI,Livonia
96.27.196.0/24,US,US-MI,Livonia
23.28.203.0/24,US,US-MI,Livonia
74.199.62.0/24,US,US-MI,Livonia
24.96.93.0/24,US,US-MI,Livonia
74.199.120.0/22,US,US-MI,Livonia
96.27.127.0/24,US,US-MI,Livonia
96.27.98.0/24,US,US-MI,Livonia
143.59.67.0/24,US,US-MI,Livonia
143.59.71.0/24,US,US-MI,Livonia
143.59.73.0/24,US,US-MI,Livonia
67.149.116.0/24,US,US-MI,Livonia
67.149.10.0/24,US,US-MI,Livonia
23.28.232.0/24,US,US-MI,Livonia
96.27.99.0/24,US,US-MI,Livonia
50.4.97.0/24,US,US-MI,Livonia
64.53.174.0/24,US,US-MI,Livonia
74.199.92.0/24,US,US-MI,Livonia
24.214.48.0/24,US,US-MI,Livonia
67.149.30.0/24,US,US-MI,Livonia
50.4.160.0/20,US,US-MI,Northville
143.59.100.128/26,US,US-MI,Northville
143.59.100.192/26,US,US-MI,Northville
23.28.112.0/21,US,US-MI,Redford
69.14.64.0/22,US,US-MI,Redford
64.233.197.0/24,US,US-MI,Redford
69.14.244.0/23,US,US-MI,Redford
69.14.161.0/24,US,US-MI,Redford
24.236.107.0/24,US,US-MI,Redford
24.35.15.0/24,US,US-MI,Redford
24.192.1.0/24,US,US-MI,Redford
74.199.94.0/24,US,US-MI,Redford
23.28.156.0/24,US,US-MI,Redford
96.27.207.0/24,US,US-MI,Redford
96.27.174.0/24,US,US-MI,Redford
143.59.14.0/24,US,US-MI,Redford
143.59.69.0/24,US,US-MI,Redford
143.59.86.0/24,US,US-MI,Redford
96.27.65.0/24,US,US-MI,Redford
69.14.213.0/24,US,US-MI,Redford
74.199.59.0/24,US,US-MI,Redford
24.35.30.0/24,US,US-MI,Redford
143.59.241.0/25,US,US-MI,Redford
143.59.139.0/24,US,US-MI,Redford
50.4.100.0/24,US,US-MI,Redford
24.192.160.0/21,US,US-MI,Roseville
24.192.168.0/21,US,US-MI,Roseville
69.14.128.0/21,US,US-MI,Roseville
69.14.0.0/21,US,US-MI,Roseville
24.192.176.0/21,US,US-MI,Roseville
24.192.184.0/21,US,US-MI,Roseville
69.14.80.0/21,US,US-MI,Roseville
74.199.64.0/21,US,US-MI,Roseville
24.192.40.0/21,US,US-MI,Roseville
76.73.128.0/24,US,US-MI,Roseville
50.4.240.0/20,US,US-MI,Roseville
24.192.208.0/20,US,US-MI,Roseville
50.4.192.0/20,US,US-MI,Roseville
24.192.112.0/21,US,US-MI,Roseville
67.149.112.0/22,US,US-MI,Royal Oak
50.4.236.0/22,US,US-MI,Royal Oak
69.14.112.0/22,US,US-MI,Royal Oak
69.14.32.0/22,US,US-MI,Royal Oak
67.149.160.0/20,US,US-MI,Royal Oak
67.149.0.0/21,US,US-MI,Royal Oak
69.14.224.0/22,US,US-MI,Royal Oak
74.199.80.0/22,US,US-MI,Royal Oak
67.149.228.0/22,US,US-MI,Royal Oak
74.199.84.0/22,US,US-MI,Royal Oak
67.149.16.0/23,US,US-MI,Royal Oak
67.149.56.0/21,US,US-MI,Royal Oak
67.149.104.0/22,US,US-MI,Royal Oak
74.199.52.0/22,US,US-MI,Royal Oak
67.149.88.0/21,US,US-MI,Royal Oak
69.14.164.0/22,US,US-MI,Royal Oak
69.14.180.0/22,US,US-MI,Royal Oak
69.14.184.0/22,US,US-MI,Royal Oak
24.192.192.0/20,US,US-MI,Sterling Heights
69.14.144.0/20,US,US-MI,Sterling Heights
74.199.96.0/21,US,US-MI,Sterling Heights
143.59.252.0/24,US,US-MI,Sterling Heights
64.53.173.0/24,US,US-MI,Sterling Heights
69.14.200.0/23,US,US-MI,Sterling Heights
24.35.43.0/24,US,US-MI,Sterling Heights
74.199.48.0/24,US,US-MI,Sterling Heights
23.28.240.128/26,US,US-MI,Sterling Heights
67.149.96.0/21,US,US-MI,Sterling Heights
67.149.40.0/21,US,US-MI,Sterling Heights
67.149.144.0/21,US,US-MI,Sterling Heights
69.1.61.0/24,US,US-MI,Sterling Heights
96.27.80.0/20,US,US-MI,Trenton
24.192.240.0/21,US,US-MI,Trenton
67.149.220.0/22,US,US-MI,Trenton
50.4.104.0/21,US,US-MI,Troy
69.14.16.0/20,US,US-MI,Troy
69.14.120.0/21,US,US-MI,Troy
67.149.128.0/21,US,US-MI,Troy
24.192.52.0/22,US,US-MI,Troy
24.192.248.0/21,US,US-MI,Troy
69.14.248.0/21,US,US-MI,Troy
67.149.248.0/21,US,US-MI,Utica
143.59.108.0/23,US,US-MI,Utica
50.4.16.0/24,US,US-MI,Utica
96.27.8.0/21,US,US-MI,Utica
96.27.16.0/21,US,US-MI,Utica
69.14.36.0/22,US,US-MI,Utica
23.28.144.0/21,US,US-MI,Utica
50.4.120.0/23,US,US-MI,Utica
24.96.61.0/24,US,US-MI,Utica
143.59.138.0/24,US,US-MI,Utica
50.4.233.0/24,US,US-MI,Utica
96.27.32.0/21,US,US-MI,Utica
96.27.40.0/21,US,US-MI,Utica
96.27.48.0/21,US,US-MI,Utica
69.14.68.0/22,US,US-MI,Utica
67.149.24.0/24,US,US-MI,Utica
23.28.244.0/24,US,US-MI,Utica
# SOUTHERN PNR,,,
23.28.124.0/22,US,US-GA,Augusta
24.42.201.0/24,US,US-GA,Augusta
24.42.204.0/24,US,US-GA,Augusta
67.149.120.0/21,US,US-GA,Augusta
24.214.51.0/24,US,US-GA,Augusta
24.214.106.0/24,US,US-GA,Augusta
74.81.209.0/24,US,US-GA,Augusta
69.14.210.0/24,US,US-GA,Augusta
67.149.206.0/24,US,US-GA,Augusta
24.236.98.0/24,US,US-GA,Augusta
69.1.2.0/24,US,US-GA,Augusta
69.1.26.0/24,US,US-GA,Augusta
69.73.51.0/24,US,US-GA,Augusta
69.73.104.0/24,US,US-GA,Augusta
207.98.192.0/22,US,US-GA,Augusta
24.214.40.64/26,US,US-GA,Augusta
74.81.218.0/24,US,US-GA,Augusta
74.81.219.0/24,US,US-GA,Augusta
74.81.214.0/24,US,US-GA,Augusta
143.59.115.128/25,US,US-GA,Augusta
216.186.153.0/24,US,US-GA,Augusta
24.35.5.0/24,US,US-GA,Augusta
24.35.13.0/24,US,US-GA,Augusta
24.42.160.0/24,US,US-GA,Augusta
24.236.104.0/24,US,US-GA,Augusta
24.236.105.0/24,US,US-GA,Augusta
24.236.106.0/24,US,US-GA,Augusta
76.73.130.0/24,US,US-GA,Augusta
24.42.152.0/24,US,US-GA,Augusta
24.42.153.0/24,US,US-GA,Augusta
24.42.155.0/24,US,US-GA,Augusta
24.42.157.0/24,US,US-GA,Augusta
24.214.85.0/24,US,US-GA,Augusta
24.214.111.0/24,US,US-GA,Augusta
24.236.103.0/24,US,US-GA,Augusta
24.214.116.0/24,US,US-GA,Augusta
24.35.4.0/24,US,US-GA,Augusta
69.1.38.0/24,US,US-GA,Augusta
24.35.23.0/24,US,US-GA,Augusta
69.1.62.0/24,US,US-GA,Augusta
96.27.186.0/24,US,US-GA,Augusta
24.214.221.0/24,US,US-GA,Augusta
50.4.60.0/24,US,US-GA,Augusta
24.96.208.0/24,US,US-GA,Augusta
50.4.36.0/24,US,US-GA,Augusta
69.73.3.0/24,US,US-GA,Augusta
143.59.137.128/25,US,US-GA,Augusta
74.199.78.0/24,US,US-GA,Augusta
75.76.144.0/24,US,US-GA,Augusta
24.42.128.0/24,US,US-GA,Augusta
24.214.14.0/24,US,US-GA,Augusta
24.214.45.0/24,US,US-GA,Augusta
24.214.62.0/24,US,US-GA,Augusta
24.214.72.0/24,US,US-GA,Augusta
24.214.117.0/24,US,US-GA,Augusta
24.214.132.0/24,US,US-GA,Augusta
50.4.61.0/24,US,US-GA,Augusta
24.42.129.0/24,US,US-GA,Augusta
24.236.81.0/24,US,US-GA,Augusta
24.236.99.0/24,US,US-GA,Augusta
24.236.100.0/24,US,US-GA,Augusta
24.236.101.0/24,US,US-GA,Augusta
69.1.39.0/24,US,US-GA,Augusta
69.1.59.0/24,US,US-GA,Augusta
50.4.83.0/24,US,US-GA,Augusta
23.28.204.0/23,US,US-GA,Augusta
24.192.230.0/23,US,US-GA,Augusta
75.76.153.0/24,US,US-GA,Augusta
24.42.177.0/24,US,US-GA,Augusta
75.76.148.0/24,US,US-GA,Augusta
74.199.40.0/24,US,US-GA,Augusta
24.42.178.0/24,US,US-GA,Augusta
216.186.139.0/24,US,US-GA,Augusta
24.42.180.0/24,US,US-GA,Augusta
67.149.193.0/24,US,US-AL,Montgomery
69.1.60.0/24,US,US-AL,Montgomery
24.214.99.0/24,US,US-AL,Montgomery
24.236.67.0/24,US,US-AL,Montgomery
24.42.161.0/24,US,US-AL,Montgomery
67.149.207.0/24,US,US-AL,Montgomery
75.76.135.0/24,US,US-AL,Montgomery
74.199.79.0/24,US,US-AL,Montgomery
69.1.1.0/24,US,US-AL,Montgomery
69.1.9.0/24,US,US-AL,Montgomery
24.214.53.0/24,US,US-AL,Montgomery
69.1.10.0/24,US,US-AL,Montgomery
24.236.124.0/24,US,US-AL,Montgomery
24.236.125.0/24,US,US-AL,Montgomery
24.192.21.0/24,US,US-AL,Montgomery
69.1.12.0/24,US,US-AL,Montgomery
69.1.34.0/24,US,US-AL,Montgomery
96.27.220.0/24,US,US-AL,Montgomery
24.214.249.0/24,US,US-AL,Montgomery
24.236.64.0/24,US,US-AL,Montgomery
143.59.119.0/24,US,US-AL,Montgomery
24.214.65.0/24,US,US-AL,Montgomery
76.73.179.0/24,US,US-AL,Montgomery
24.42.145.0/24,US,US-AL,Montgomery
24.42.146.0/24,US,US-AL,Montgomery
24.214.78.0/24,US,US-AL,Montgomery
24.214.98.0/24,US,US-AL,Montgomery
69.73.27.0/24,US,US-AL,Montgomery
69.73.28.0/24,US,US-AL,Montgomery
69.73.29.0/24,US,US-AL,Montgomery
76.73.177.0/24,US,US-AL,Montgomery
76.73.178.0/24,US,US-AL,Montgomery
24.192.23.0/24,US,US-AL,Montgomery
50.4.80.0/24,US,US-AL,Montgomery
50.4.101.0/24,US,US-AL,Montgomery
143.59.166.0/24,US,US-AL,Montgomery
67.149.226.0/24,US,US-AL,Montgomery
50.4.81.0/24,US,US-AL,Montgomery
24.35.29.0/24,US,US-AL,Montgomery
96.27.105.0/24,US,US-AL,Montgomery
72.15.104.0/24,US,US-AL,Montgomery
23.28.164.0/24,US,US-AL,Montgomery
143.59.129.0/24,US,US-AL,Montgomery
67.149.192.0/24,US,US-AL,Montgomery
50.4.84.0/22,US,US-AL,Montgomery
50.4.88.0/22,US,US-AL,Montgomery
76.73.132.0/24,US,US-AL,Montgomery
76.73.133.0/24,US,US-AL,Montgomery
76.73.134.0/24,US,US-AL,Montgomery
76.73.135.0/24,US,US-AL,Montgomery
69.1.18.0/24,US,US-AL,Montgomery
24.214.67.0/24,US,US-AL,Montgomery
24.42.179.0/24,US,US-AL,Montgomery
24.42.185.0/24,US,US-AL,Montgomery
24.42.144.0/24,US,US-AL,Montgomery
24.214.147.0/24,US,US-AL,Montgomery
69.73.64.0/24,US,US-AL,Montgomery
143.59.205.0/24,US,US-AL,Montgomery
143.59.203.0/24,US,US-AL,Montgomery
143.59.194.0/24,US,US-AL,Montgomery
143.59.187.0/24,US,US-AL,Montgomery
74.199.63.0/24,US,US-AL,Montgomery
24.214.66.0/24,US,US-AL,Montgomery
24.42.208.0/24,US,US-AL,Montgomery
69.73.6.0/24,US,US-AL,Montgomery
96.27.222.0/24,US,US-AL,Montgomery
24.214.97.0/24,US,US-AL,Montgomery
24.214.6.0/24,US,US-AL,Montgomery
24.96.22.0/24,US,US-AL,Montgomery
74.199.107.0/24,US,US-AL,Montgomery
24.42.166.0/24,US,US-AL,Montgomery
69.73.126.0/24,US,US-AL,Montgomery
24.214.245.0/24,US,US-AL,Montgomery
24.214.88.0/23,US,US-AL,Montgomery
24.214.70.0/24,US,US-AL,Montgomery
24.214.69.0/24,US,US-AL,Montgomery
24.214.30.0/24,US,US-AL,Montgomery
69.1.21.0/24,US,US-AL,Montgomery
24.214.42.0/24,US,US-AL,Montgomery
24.214.52.0/24,US,US-AL,Montgomery
76.73.158.0/24,US,US-AL,Montgomery
69.14.246.0/24,US,US-AL,Montgomery
69.14.91.0/24,US,US-AL,Montgomery
24.214.142.0/24,US,US-AL,Montgomery
76.73.140.0/24,US,US-AL,Montgomery
76.73.141.0/24,US,US-AL,Montgomery
76.73.142.0/24,US,US-AL,Montgomery
69.73.41.0/24,US,US-AL,Montgomery
24.214.71.0/24,US,US-AL,Montgomery
24.214.255.0/24,US,US-AL,Montgomery
24.42.130.0/24,US,US-AL,Montgomery
24.42.210.0/24,US,US-AL,Montgomery
24.96.119.0/24,US,US-AL,Montgomery
69.73.100.0/24,US,US-AL,Montgomery
24.236.121.0/24,US,US-AL,Montgomery
24.214.115.0/24,US,US-AL,Montgomery
50.4.235.0/24,US,US-FL,Panama City
50.4.42.0/24,US,US-FL,Panama City
50.4.43.0/24,US,US-FL,Panama City
143.59.123.0/24,US,US-FL,Panama City
50.4.49.0/24,US,US-FL,Panama City
23.28.241.0/24,US,US-FL,Panama City
24.214.137.0/24,US,US-FL,Panama City
24.214.59.0/24,US,US-FL,Panama City
69.73.44.0/24,US,US-FL,Panama City
69.73.45.0/24,US,US-FL,Panama City
69.1.42.0/24,US,US-FL,Panama City
24.96.246.0/24,US,US-FL,Panama City
69.73.66.0/24,US,US-FL,Panama City
64.233.201.0/24,US,US-FL,Panama City
67.149.212.0/22,US,US-FL,Panama City
50.4.128.0/24,US,US-FL,Panama City
69.73.49.0/24,US,US-FL,Panama City
69.73.52.0/24,US,US-FL,Panama City
24.96.39.0/24,US,US-FL,Panama City
24.96.43.0/24,US,US-FL,Panama City
24.236.74.0/23,US,US-FL,Panama City
69.73.32.0/24,US,US-FL,Panama City
24.35.35.0/24,US,US-FL,Panama City
143.59.133.0/26,US,US-FL,Panama City
143.59.243.0/24,US,US-FL,Panama City
143.59.102.128/25,US,US-FL,Panama City
143.59.207.192/26,US,US-FL,Panama City
143.59.104.0/24,US,US-FL,Panama City
24.35.12.0/24,US,US-FL,Panama City
67.149.210.0/24,US,US-FL,Panama City
69.73.40.0/24,US,US-FL,Panama City
50.4.129.0/24,US,US-FL,Panama City
23.28.248.0/23,US,US-FL,Panama City
67.149.20.0/24,US,US-FL,Panama City
67.149.21.0/24,US,US-FL,Panama City
24.96.212.0/24,US,US-FL,Panama City
69.73.42.0/24,US,US-FL,Panama City
69.73.43.0/24,US,US-FL,Panama City
24.214.241.0/24,US,US-FL,Panama City
69.73.118.0/24,US,US-FL,Panama City
69.73.119.0/24,US,US-FL,Panama City
69.73.120.0/24,US,US-FL,Panama City
74.199.56.0/24,US,US-FL,Panama City
24.96.29.0/24,US,US-FL,Panama City
24.96.30.0/24,US,US-FL,Panama City
23.28.198.0/24,US,US-FL,Panama City
24.236.84.0/24,US,US-FL,Panama City
24.35.36.0/24,US,US-FL,Panama City
24.35.39.0/24,US,US-FL,Panama City
50.4.132.0/24,US,US-FL,Panama City
24.35.45.0/24,US,US-FL,Panama City
24.214.61.0/24,US,US-FL,Panama City
24.35.20.0/23,US,US-FL,Panama City
24.214.82.0/24,US,US-FL,Panama City
24.214.246.0/24,US,US-FL,Panama City
69.73.110.0/24,US,US-FL,Panama City
24.96.229.0/24,US,US-FL,Panama City
24.35.47.0/24,US,US-FL,Panama City
24.214.58.0/24,US,US-FL,Panama City
24.214.96.0/24,US,US-FL,Panama City
69.1.57.0/24,US,US-FL,Panama City
24.192.61.0/25,US,US-FL,Panama City
74.199.20.0/24,US,US-FL,Panama City
24.214.107.0/24,US,US-FL,Panama City
24.214.124.0/24,US,US-FL,Panama City
24.96.223.0/24,US,US-FL,Panama City
69.73.124.0/24,US,US-FL,Panama City
24.236.109.0/24,US,US-FL,Panama City
24.236.65.0/24,US,US-FL,Panama City
24.214.248.0/24,US,US-FL,Panama City
24.35.34.0/24,US,US-FL,Panama City
24.214.46.0/25,US,US-FL,Panama City
143.59.111.0/24,US,US-FL,Panama City
24.214.13.0/24,US,US-FL,Panama City
69.73.14.192/26,US,US-FL,Panama City
24.35.40.0/24,US,US-FL,Panama City
24.192.61.192/26,US,US-FL,Panama City
24.96.48.0/24,US,US-FL,Panama City
23.28.159.64/26,US,US-FL,Panama City
143.59.105.0/25,US,US-FL,Panama City
69.1.55.0/24,US,US-FL,Panama City
69.1.44.0/24,US,US-FL,Panama City
24.214.38.0/24,US,US-FL,Panama City
69.1.56.0/24,US,US-FL,Panama City
69.73.112.0/24,US,US-FL,Panama City
207.98.251.0/24,US,US-FL,Panama City
69.14.189.0/24,US,US-FL,Panama City
143.59.130.0/24,US,US-FL,Panama City
23.28.167.0/24,US,US-FL,Panama City
23.28.168.0/24,US,US-FL,Panama City
24.214.29.0/24,US,US-FL,Panama City
24.214.7.0/24,US,US-FL,Panama City
24.96.112.0/24,US,US-FL,Panama City
24.96.220.0/24,US,US-FL,Panama City
24.96.0.0/24,US,US-FL,Panama City
24.96.1.0/24,US,US-FL,Panama City
207.98.180.0/23,US,US-AL,Dothan
143.59.121.0/24,US,US-AL,Dothan
23.28.158.0/24,US,US-AL,Dothan
143.59.112.64/26,US,US-AL,Dothan
216.47.193.0/24,US,US-AL,Dothan
216.47.194.0/24,US,US-AL,Dothan
216.47.195.0/24,US,US-AL,Dothan
216.47.196.0/24,US,US-AL,Dothan
216.47.197.0/24,US,US-AL,Dothan
216.47.198.0/24,US,US-AL,Dothan
216.47.207.0/24,US,US-AL,Dothan
216.47.221.0/24,US,US-AL,Dothan
207.98.237.0/24,US,US-AL,Dothan
64.233.230.0/23,US,US-AL,Dothan
69.14.216.0/22,US,US-AL,Dothan
24.192.122.0/24,US,US-AL,Dothan
50.4.102.0/24,US,US-AL,Dothan
143.59.84.0/24,US,US-AL,Dothan
50.4.230.0/24,US,US-AL,Dothan
24.35.16.0/22,US,US-AL,Dothan
67.149.12.0/22,US,US-AL,Dothan
143.59.248.0/22,US,US-AL,Dothan
143.59.144.0/20,US,US-GA,Newnan
50.4.58.0/23,US,US-GA,Newnan
72.15.64.0/22,US,US-GA,Newnan
72.15.112.0/22,US,US-GA,Newnan
143.59.160.0/22,US,US-GA,Newnan
143.59.32.0/19,US,US-GA,Newnan
72.15.108.0/22,US,US-GA,Newnan
67.149.110.0/23,US,US-GA,Newnan
72.15.80.0/21,US,US-GA,Newnan
72.15.88.0/21,US,US-GA,Newnan
72.15.123.0/24,US,US-GA,Newnan
216.186.159.0/24,US,US-GA,Augusta
24.214.75.0/24,US,US-GA,Augusta
24.214.77.0/24,US,US-GA,Augusta
24.214.79.0/24,US,US-GA,Augusta
24.214.83.0/24,US,US-GA,Augusta
24.214.90.0/24,US,US-GA,Augusta
24.214.92.0/24,US,US-GA,Augusta
24.214.94.0/24,US,US-GA,Augusta
24.214.100.0/24,US,US-GA,Augusta
24.214.102.0/24,US,US-GA,Augusta
24.214.103.0/24,US,US-GA,Augusta
24.214.105.0/24,US,US-GA,Augusta
24.214.109.0/24,US,US-GA,Augusta
24.214.110.0/24,US,US-GA,Augusta
24.214.112.0/24,US,US-GA,Augusta
24.214.114.0/24,US,US-GA,Augusta
24.214.118.0/24,US,US-GA,Augusta
24.214.120.0/22,US,US-GA,Augusta
24.214.136.0/24,US,US-GA,Augusta
24.214.139.0/24,US,US-GA,Augusta
23.28.199.0/24,US,US-GA,Augusta
69.14.206.0/23,US,US-GA,Augusta
24.35.22.0/24,US,US-GA,Augusta
216.186.155.0/24,US,US-GA,Augusta
143.59.94.0/24,US,US-GA,Augusta
74.199.60.0/24,US,US-GA,Augusta
143.59.74.0/24,US,US-GA,Augusta
24.96.135.0/24,US,US-AL,Auburn
24.96.150.0/24,US,US-AL,Auburn
24.96.17.0/24,US,US-AL,Auburn
24.96.47.0/24,US,US-AL,Auburn
50.4.32.0/24,US,US-AL,Auburn
72.15.116.0/22,US,US-AL,Auburn
72.15.124.0/22,US,US-AL,Auburn
24.96.103.0/24,US,US-AL,Auburn
24.96.227.0/24,US,US-AL,Auburn
69.14.202.0/23,US,US-SC,Charleston
50.4.34.0/24,US,US-SC,Charleston
50.4.144.0/22,US,US-SC,Charleston
207.98.159.0/24,US,US-SC,Charleston
50.4.148.0/22,US,US-SC,Charleston
50.4.62.0/24,US,US-SC,Charleston
50.4.63.0/24,US,US-SC,Charleston
143.59.186.0/24,US,US-SC,Charleston
23.28.221.0/24,US,US-SC,Charleston
24.192.72.0/21,US,US-SC,Charleston
69.14.241.0/24,US,US-SC,Charleston
69.14.90.0/24,US,US-SC,Charleston
50.4.125.0/24,US,US-SC,Charleston
50.4.126.0/24,US,US-SC,Charleston
50.4.180.0/24,US,US-SC,Charleston
24.236.70.0/23,US,US-SC,Charleston
50.4.181.0/24,US,US-SC,Charleston
24.236.91.0/24,US,US-SC,Charleston
24.236.92.0/24,US,US-SC,Charleston
24.236.116.0/23,US,US-SC,Charleston
24.236.126.0/23,US,US-SC,Charleston
69.73.14.128/26,US,US-SC,Charleston
76.73.137.0/24,US,US-SC,Charleston
76.73.138.0/24,US,US-SC,Charleston
76.73.143.0/24,US,US-SC,Charleston
76.73.148.0/25,US,US-SC,Charleston
76.73.151.0/24,US,US-SC,Charleston
76.73.184.0/24,US,US-SC,Charleston
74.199.26.0/23,US,US-SC,Charleston
23.28.224.0/22,US,US-SC,Charleston
143.59.96.0/22,US,US-SC,Charleston
69.1.4.0/24,US,US-SC,Charleston
69.1.6.0/24,US,US-SC,Charleston
69.1.8.0/24,US,US-SC,Charleston
69.1.22.0/23,US,US-SC,Charleston
69.1.24.0/24,US,US-SC,Charleston
69.1.32.0/24,US,US-SC,Charleston
69.1.46.0/24,US,US-SC,Charleston
69.1.51.0/24,US,US-SC,Charleston
69.73.53.0/24,US,US-SC,Charleston
69.73.14.0/26,US,US-SC,Charleston
143.59.207.128/26,US,US-SC,Charleston
24.96.133.0/24,US,US-SC,Charleston
24.96.233.0/24,US,US-SC,Charleston
24.192.88.0/21,US,US-SC,Charleston
143.59.135.0/24,US,US-SC,Charleston
96.27.170.0/23,US,US-SC,Charleston
50.4.103.0/24,US,US-SC,Charleston
50.4.135.0/24,US,US-SC,Charleston
50.4.18.0/24,US,US-SC,Charleston
207.98.252.0/22,US,US-SC,Charleston
50.4.123.0/24,US,US-SC,Charleston
24.214.145.0/24,US,US-GA,Columbus
24.214.35.0/24,US,US-GA,Columbus
24.214.26.0/24,US,US-GA,Columbus
24.214.81.0/24,US,US-GA,Columbus
24.214.146.0/24,US,US-GA,Columbus
24.214.17.0/24,US,US-GA,Columbus
24.214.9.0/24,US,US-GA,Columbus
69.73.9.0/24,US,US-GA,Columbus
69.73.10.0/24,US,US-GA,Columbus
69.73.12.0/24,US,US-GA,Columbus
69.1.11.0/24,US,US-GA,Columbus
69.73.13.0/24,US,US-GA,Columbus
24.96.237.0/24,US,US-GA,Columbus
24.96.238.0/24,US,US-GA,Columbus
24.96.239.0/24,US,US-GA,Columbus
24.96.247.0/24,US,US-GA,Columbus
76.73.186.0/24,US,US-GA,Columbus
76.73.187.0/24,US,US-GA,Columbus
76.73.188.0/24,US,US-GA,Columbus
76.73.190.0/24,US,US-GA,Columbus
24.214.242.0/24,US,US-GA,Columbus
24.96.82.0/24,US,US-GA,Columbus
24.96.86.0/24,US,US-GA,Columbus
24.96.91.0/24,US,US-GA,Columbus
24.96.92.0/24,US,US-GA,Columbus
24.96.95.0/24,US,US-GA,Columbus
24.96.129.0/24,US,US-GA,Columbus
24.96.131.0/24,US,US-GA,Columbus
24.96.134.0/24,US,US-GA,Columbus
24.214.140.0/24,US,US-GA,Columbus
24.236.66.0/24,US,US-GA,Columbus
24.96.136.0/24,US,US-GA,Columbus
24.96.143.0/24,US,US-GA,Columbus
143.59.171.0/24,US,US-GA,Columbus
23.28.172.0/24,US,US-GA,Columbus
24.35.61.0/24,US,US-GA,Columbus
23.28.196.0/24,US,US-GA,Columbus
69.73.71.0/24,US,US-GA,Columbus
23.28.188.0/23,US,US-GA,Columbus
207.98.140.0/24,US,US-GA,Columbus
24.96.65.0/24,US,US-GA,Columbus
143.59.211.0/24,US,US-GA,Columbus
143.59.213.0/24,US,US-GA,Columbus
24.96.26.0/24,US,US-GA,Columbus
69.73.63.0/24,US,US-GA,Columbus
23.28.161.0/24,US,US-GA,Columbus
24.96.147.0/24,US,US-GA,Columbus
24.96.144.0/24,US,US-GA,Columbus
143.59.101.0/24,US,US-GA,Columbus
143.59.235.0/24,US,US-GA,Columbus
23.28.222.0/24,US,US-GA,Columbus
23.28.134.0/23,US,US-GA,Columbus
24.214.32.0/24,US,US-GA,Columbus
143.59.116.0/24,US,US-GA,Columbus
76.73.131.0/24,US,US-GA,Columbus
69.1.27.0/24,US,US-GA,Columbus
24.214.36.0/24,US,US-GA,Columbus
24.214.80.0/24,US,US-GA,Columbus
24.96.188.0/24,US,US-GA,Columbus
69.1.3.0/24,US,US-GA,Columbus
69.73.109.0/24,US,US-GA,Columbus
69.1.28.0/24,US,US-GA,Columbus
23.28.136.0/22,US,US-GA,Columbus
23.28.165.0/24,US,US-GA,Columbus
50.4.232.0/24,US,US-GA,Columbus
50.4.39.0/24,US,US-GA,Columbus
143.59.136.0/24,US,US-GA,Columbus
50.4.224.0/24,US,US-GA,Columbus
23.28.173.0/24,US,US-GA,Columbus
23.28.197.0/24,US,US-GA,Columbus
50.4.37.0/24,US,US-GA,Columbus
24.214.243.0/24,US,US-GA,Columbus
69.73.102.0/24,US,US-GA,Columbus
24.96.99.0/24,US,US-GA,Columbus
24.214.93.0/24,US,US-GA,Columbus
23.28.159.128/25,US,US-GA,Columbus
143.59.118.0/24,US,US-GA,Columbus
143.59.120.0/24,US,US-GA,Columbus
143.59.122.0/24,US,US-GA,Columbus
64.233.210.0/23,US,US-GA,Columbus
143.59.126.0/24,US,US-GA,Columbus
24.214.138.0/24,US,US-GA,Columbus
24.214.37.0/24,US,US-GA,Columbus
24.214.108.0/24,US,US-GA,Columbus
69.73.55.0/24,US,US-GA,Columbus
23.28.140.0/23,US,US-GA,Columbus
24.214.33.0/24,US,US-GA,Columbus
24.214.141.0/24,US,US-GA,Columbus
24.214.143.0/24,US,US-GA,Columbus
24.214.252.0/24,US,US-GA,Columbus
24.96.213.0/24,US,US-GA,Columbus
50.4.35.0/24,US,US-GA,Columbus
24.214.19.0/24,US,US-GA,Columbus
24.214.28.0/24,US,US-GA,Columbus
143.59.172.0/24,US,US-GA,Columbus
76.73.183.0/24,US,US-GA,Columbus
76.73.189.0/24,US,US-GA,Columbus
143.59.173.0/24,US,US-GA,Columbus
50.4.48.0/24,US,US-GA,Columbus
69.1.37.0/24,US,US-GA,Columbus
24.42.202.0/24,US,US-GA,Columbus
24.42.203.0/24,US,US-GA,Columbus
50.4.41.0/24,US,US-GA,Columbus
24.96.109.0/24,US,US-GA,Columbus
24.96.121.0/24,US,US-GA,Columbus
143.59.209.0/24,US,US-GA,Columbus
76.73.193.0/24,US,US-GA,Columbus
143.59.204.0/24,US,US-GA,Columbus
24.192.28.0/23,US,US-GA,Columbus
24.214.87.0/24,US,US-AL,Huntsville
24.96.4.0/23,US,US-AL,Huntsville
24.96.62.0/23,US,US-AL,Huntsville
24.96.72.0/22,US,US-AL,Huntsville
69.1.16.0/23,US,US-AL,Huntsville
69.1.20.0/24,US,US-AL,Huntsville
69.1.25.0/24,US,US-AL,Huntsville
69.1.41.0/24,US,US-AL,Huntsville
69.1.52.0/24,US,US-AL,Huntsville
69.1.54.0/24,US,US-AL,Huntsville
69.1.63.0/24,US,US-AL,Huntsville
69.73.22.0/24,US,US-AL,Huntsville
69.73.34.0/24,US,US-AL,Huntsville
69.73.37.0/24,US,US-AL,Huntsville
69.73.60.0/23,US,US-AL,Huntsville
69.73.69.0/24,US,US-AL,Huntsville
69.73.82.0/23,US,US-AL,Huntsville
69.73.84.0/23,US,US-AL,Huntsville
69.73.95.0/24,US,US-AL,Huntsville
69.73.97.0/24,US,US-AL,Huntsville
69.73.103.0/24,US,US-AL,Huntsville
143.59.168.0/24,US,US-AL,Huntsville
24.214.119.0/24,US,US-AL,Huntsville
24.35.49.0/24,US,US-AL,Huntsville
24.214.84.0/24,US,US-AL,Huntsville
67.149.227.0/24,US,US-AL,Huntsville
24.35.50.0/24,US,US-AL,Huntsville
24.35.60.0/24,US,US-AL,Huntsville
50.4.225.0/24,US,US-AL,Huntsville
74.199.116.0/22,US,US-AL,Huntsville
143.59.165.0/24,US,US-AL,Huntsville
216.186.150.0/23,US,US-AL,Huntsville
23.28.234.0/23,US,US-AL,Huntsville
76.73.156.0/23,US,US-AL,Huntsville
76.73.161.0/24,US,US-AL,Huntsville
76.73.162.0/24,US,US-AL,Huntsville
76.73.173.0/24,US,US-AL,Huntsville
76.73.174.0/23,US,US-AL,Huntsville
69.14.8.0/23,US,US-AL,Huntsville
207.98.148.0/24,US,US-AL,Huntsville
50.4.92.0/22,US,US-AL,Huntsville
50.4.228.0/24,US,US-AL,Huntsville
23.28.142.0/23,US,US-AL,Huntsville
143.59.170.0/24,US,US-AL,Huntsville
207.98.141.0/24,US,US-AL,Huntsville
23.28.194.0/24,US,US-AL,Huntsville
50.4.226.0/23,US,US-AL,Huntsville
24.192.96.0/22,US,US-AL,Huntsville
24.192.100.0/22,US,US-AL,Huntsville
50.4.136.0/22,US,US-AL,Huntsville
50.4.140.0/22,US,US-AL,Huntsville
24.214.27.0/24,US,US-TN,Knoxville
24.214.41.0/24,US,US-TN,Knoxville
50.4.229.0/24,US,US-TN,Knoxville
50.4.231.0/24,US,US-TN,Knoxville
69.1.58.0/24,US,US-TN,Knoxville
24.214.250.0/24,US,US-TN,Knoxville
23.28.220.0/24,US,US-TN,Knoxville
143.59.113.0/24,US,US-TN,Knoxville
69.14.212.0/24,US,US-TN,Knoxville
69.73.113.0/24,US,US-TN,Knoxville
69.73.114.0/24,US,US-TN,Knoxville
69.73.115.0/24,US,US-TN,Knoxville
207.98.234.0/24,US,US-TN,Knoxville
207.98.158.0/24,US,US-TN,Knoxville
50.4.40.0/24,US,US-TN,Knoxville
69.1.48.0/24,US,US-TN,Knoxville
50.4.47.0/24,US,US-TN,Knoxville
69.1.43.0/24,US,US-TN,Knoxville
69.1.50.0/24,US,US-TN,Knoxville
24.214.129.0/24,US,US-TN,Knoxville
24.214.130.0/24,US,US-TN,Knoxville
143.59.105.192/26,US,US-TN,Knoxville
23.28.159.0/26,US,US-TN,Knoxville
24.192.61.128/26,US,US-TN,Knoxville
216.186.133.0/24,US,US-TN,Knoxville
216.186.156.0/24,US,US-TN,Knoxville
23.28.250.0/24,US,US-TN,Knoxville
69.73.47.0/24,US,US-TN,Knoxville
69.1.47.0/24,US,US-TN,Knoxville
69.73.57.0/24,US,US-TN,Knoxville
24.192.32.0/21,US,US-TN,Knoxville
143.59.106.0/24,US,US-TN,Knoxville
50.4.51.0/24,US,US-TN,Knoxville
76.73.176.0/24,US,US-TN,Knoxville
50.4.55.0/24,US,US-TN,Knoxville
76.73.144.0/24,US,US-TN,Knoxville
69.73.86.0/24,US,US-TN,Knoxville
50.4.50.0/24,US,US-TN,Knoxville
67.149.29.0/24,US,US-TN,Knoxville
69.73.26.0/24,US,US-FL,Panama City
69.1.7.0/25,US,US-FL,Panama City
24.96.21.0/24,US,US-FL,Panama City
24.96.69.0/24,US,US-FL,Pinellas
24.214.211.0/24,US,US-FL,Pinellas
24.96.193.0/24,US,US-FL,Pinellas
24.96.70.0/24,US,US-FL,Pinellas
24.96.248.0/24,US,US-FL,Pinellas
24.96.59.0/24,US,US-FL,Pinellas
23.28.233.0/24,US,US-FL,Pinellas
24.96.234.0/24,US,US-FL,Pinellas
24.96.90.0/24,US,US-FL,Pinellas
24.96.115.0/24,US,US-FL,Pinellas
24.96.78.0/24,US,US-FL,Pinellas
24.96.77.0/24,US,US-FL,Pinellas
24.96.100.0/24,US,US-FL,Pinellas
24.96.113.0/24,US,US-FL,Pinellas
24.96.24.0/24,US,US-FL,Pinellas
24.96.114.0/24,US,US-FL,Pinellas
24.96.79.0/24,US,US-FL,Pinellas
24.96.36.0/24,US,US-FL,Pinellas
24.96.71.0/24,US,US-FL,Pinellas
24.96.37.0/24,US,US-FL,Pinellas
24.96.16.0/24,US,US-FL,Pinellas
24.96.38.0/24,US,US-FL,Pinellas
24.96.44.0/24,US,US-FL,Pinellas
24.96.67.0/24,US,US-FL,Pinellas
24.42.165.0/24,US,US-FL,Pinellas
24.96.12.0/24,US,US-FL,Pinellas
69.14.238.0/24,US,US-FL,Pinellas
69.73.92.0/24,US,US-FL,Pinellas
24.192.120.0/24,US,US-FL,Pinellas
24.192.239.0/24,US,US-FL,Pinellas
24.236.97.0/24,US,US-FL,Pinellas
143.59.233.0/24,US,US-FL,Pinellas
143.59.217.0/24,US,US-FL,Pinellas
24.96.76.0/24,US,US-FL,Pinellas
24.35.41.0/24,US,US-FL,Pinellas
24.35.14.0/24,US,US-FL,Pinellas
143.59.93.0/24,US,US-FL,Pinellas
96.27.100.0/24,US,US-FL,Pinellas
67.149.211.0/24,US,US-FL,Pinellas
207.98.177.0/24,US,US-FL,Pinellas
24.96.123.0/24,US,US-FL,Pinellas
24.96.124.0/24,US,US-FL,Pinellas
24.96.230.0/24,US,US-FL,Pinellas
24.96.49.0/24,US,US-FL,Pinellas
69.73.72.0/24,US,US-FL,Pinellas
69.73.73.0/24,US,US-FL,Pinellas
69.73.74.0/24,US,US-FL,Pinellas
69.73.75.0/24,US,US-FL,Pinellas
69.73.76.0/24,US,US-FL,Pinellas
69.73.77.0/24,US,US-FL,Pinellas
69.73.78.0/24,US,US-FL,Pinellas
69.73.79.0/24,US,US-FL,Pinellas
69.73.80.0/24,US,US-FL,Pinellas
69.73.81.0/24,US,US-FL,Pinellas
69.73.123.0/24,US,US-FL,Pinellas
74.199.95.0/24,US,US-FL,Pinellas
143.59.216.0/24,US,US-FL,Pinellas
24.35.28.0/24,US,US-FL,Pinellas
24.96.105.0/24,US,US-FL,Pinellas
50.4.184.0/22,US,US-FL,Pinellas
207.98.183.0/24,US,US-FL,Pinellas
24.236.110.0/23,US,US-FL,Pinellas
24.35.24.0/24,US,US-FL,Pinellas
23.28.223.0/24,US,US-FL,Pinellas
23.28.243.0/24,US,US-FL,Pinellas
24.96.10.0/24,US,US-FL,Pinellas
24.35.62.0/24,US,US-FL,Pinellas
50.4.188.0/22,US,US-FL,Pinellas
207.98.196.0/23,US,US-FL,Pinellas
207.98.198.0/23,US,US-FL,Pinellas
24.214.47.0/24,US,US-FL,Pinellas
24.214.86.0/24,US,US-FL,Pinellas
24.236.123.0/24,US,US-FL,Pinellas
24.236.80.0/24,US,US-FL,Pinellas
24.236.82.0/23,US,US-FL,Pinellas
24.42.175.0/24,US,US-FL,Pinellas
24.236.85.0/24,US,US-FL,Pinellas
207.98.168.0/24,US,US-FL,Pinellas
207.98.176.0/24,US,US-FL,Pinellas
24.96.20.0/24,US,US-FL,Pinellas
24.96.56.0/24,US,US-FL,Pinellas
216.186.157.0/24,US,US-FL,Pinellas
143.59.236.0/24,US,US-FL,Pinellas
143.59.234.0/24,US,US-FL,Pinellas
24.42.198.0/24,US,US-FL,Pinellas
143.59.215.0/24,US,US-FL,Pinellas
24.42.151.0/24,US,US-FL,Pinellas
24.35.38.0/24,US,US-FL,Pinellas
76.73.149.128/25,US,US-FL,Pinellas
23.28.207.0/24,US,US-FL,Pinellas
67.149.86.0/24,US,US-FL,Pinellas
50.4.134.0/24,US,US-FL,Pinellas
64.233.221.0/24,US,US-FL,Pinellas
72.15.79.0/24,US,US-FL,Pinellas
50.4.52.0/23,US,US-FL,Pinellas
24.42.192.0/24,US,US-FL,Pinellas
24.96.120.0/24,US,US-FL,Pinellas
207.98.184.0/24,US,US-FL,Pinellas
24.35.27.0/24,US,US-FL,Pinellas
143.59.82.0/24,US,US-FL,Pinellas
23.28.166.0/24,US,US-FL,Pinellas
143.59.141.0/24,US,US-FL,Pinellas
69.73.101.0/24,US,US-FL,Pinellas
24.96.201.0/24,US,US-FL,Pinellas
24.96.202.0/24,US,US-FL,Pinellas
24.96.203.0/24,US,US-FL,Pinellas
24.96.204.0/24,US,US-FL,Pinellas
24.96.205.0/24,US,US-FL,Pinellas
24.96.206.0/24,US,US-FL,Pinellas
24.96.241.0/24,US,US-FL,Pinellas
24.96.242.0/24,US,US-FL,Pinellas
69.73.94.0/24,US,US-FL,Pinellas
24.42.221.0/24,US,US-FL,Pinellas
69.14.239.0/24,US,US-FL,Pinellas
24.192.238.0/24,US,US-FL,Pinellas
96.27.179.0/24,US,US-FL,Pinellas
143.59.232.0/24,US,US-FL,Pinellas
143.59.223.0/24,US,US-FL,Pinellas
24.96.50.0/24,US,US-FL,Pinellas
23.28.170.0/24,US,US-FL,Pinellas
24.35.44.0/24,US,US-FL,Pinellas
143.59.197.0/24,US,US-FL,Pinellas
74.199.42.0/23,US,US-FL,Pinellas
24.96.13.0/24,US,US-FL,Pinellas
74.199.76.0/24,US,US-FL,Pinellas
50.4.234.0/24,US,US-FL,Pinellas
96.27.119.0/24,US,US-FL,Pinellas
207.98.174.0/23,US,US-FL,Pinellas
96.27.76.0/22,US,US-FL,Pinellas
74.199.22.0/24,US,US-FL,Pinellas
24.96.46.0/24,US,US-FL,Pinellas
50.4.33.0/24,US,US-FL,Pinellas
207.98.179.0/24,US,US-FL,Pinellas
24.236.88.0/24,US,US-FL,Pinellas
24.236.89.0/24,US,US-FL,Pinellas
24.214.44.0/24,US,US-FL,Pinellas
24.214.49.0/24,US,US-FL,Pinellas
24.192.108.0/23,US,US-FL,Pinellas
24.214.253.0/24,US,US-FL,Pinellas
24.96.3.0/24,US,US-FL,Pinellas
24.96.106.0/24,US,US-FL,Pinellas
24.192.237.0/24,US,US-FL,Pinellas
69.73.90.0/24,US,US-FL,Pinellas
74.199.93.0/24,US,US-FL,Pinellas
143.59.238.0/24,US,US-FL,Pinellas
143.59.237.0/24,US,US-FL,Pinellas
143.59.222.0/24,US,US-FL,Pinellas
24.96.34.0/24,US,US-FL,Pinellas
24.96.27.0/24,US,US-FL,Pinellas
69.73.111.0/24,US,US-FL,Pinellas
24.35.37.0/24,US,US-FL,Pinellas
50.4.177.0/24,US,US-FL,Pinellas
24.192.224.0/23,US,US-FL,Pinellas
72.15.73.0/24,US,US-FL,Pinellas
23.28.214.0/23,US,US-FL,Pinellas
67.149.118.0/23,US,US-FL,Pinellas
96.27.116.0/24,US,US-FL,Pinellas
50.4.38.0/24,US,US-GA,West Point
24.96.40.0/24,US,US-GA,West Point
143.59.142.0/24,US,US-GA,West Point
96.27.214.0/24,US,US-GA,West Point
24.214.60.0/24,US,US-GA,West Point
24.96.214.0/24,US,US-GA,West Point
24.96.217.0/24,US,US-GA,West Point
96.27.121.0/24,US,US-GA,West Point
24.214.247.0/24,US,US-GA,West Point
24.42.154.0/24,US,US-GA,West Point
24.214.10.0/24,US,US-GA,West Point
24.214.187.128/25,US,US-GA,West Point
24.214.8.0/24,US,US-GA,West Point
67.149.81.0/24,US,US-GA,West Point
24.214.187.0/25,US,US-GA,West Point
69.1.13.0/24,US,US-GA,West Point
24.214.16.0/24,US,US-GA,West Point
24.96.215.0/24,US,US-GA,West Point
74.199.112.0/22,US,US-GA,Columbus
24.96.126.0/24,US,US-GA,Columbus
24.96.127.0/24,US,US-GA,Columbus
24.42.213.0/24,US,US-GA,Columbus
24.96.207.0/24,US,US-GA,Columbus
24.42.171.0/24,US,US-GA,Columbus
24.42.172.0/24,US,US-GA,Columbus
24.42.173.0/24,US,US-GA,Columbus
24.42.174.0/24,US,US-GA,Columbus
24.42.170.0/24,US,US-GA,Columbus
24.42.226.0/23,US,US-GA,Columbus
67.149.204.0/23,US,US-GA,Columbus
143.59.110.0/24,US,US-AL,Huntsville
24.42.159.0/24,US,US-AL,Huntsville
24.96.250.0/24,US,US-AL,Huntsville
24.42.137.0/24,US,US-AL,Huntsville
24.42.147.0/24,US,US-AL,Huntsville
24.42.148.0/23,US,US-AL,Huntsville
24.42.169.0/24,US,US-AL,Huntsville
24.42.181.0/24,US,US-AL,Huntsville
24.42.182.0/23,US,US-AL,Huntsville
24.42.184.0/24,US,US-AL,Huntsville
24.42.187.0/24,US,US-AL,Huntsville
24.42.188.0/24,US,US-AL,Huntsville
24.42.190.0/23,US,US-AL,Huntsville
24.42.193.0/24,US,US-AL,Huntsville
24.42.196.0/23,US,US-AL,Huntsville
24.42.199.0/24,US,US-AL,Huntsville
24.42.200.0/24,US,US-AL,Huntsville
24.42.205.0/24,US,US-AL,Huntsville
24.42.206.0/23,US,US-AL,Huntsville
24.42.211.0/24,US,US-AL,Huntsville
24.42.212.0/24,US,US-AL,Huntsville
24.42.219.0/24,US,US-AL,Huntsville
24.42.225.0/24,US,US-AL,Huntsville
24.96.6.0/23,US,US-AL,Huntsville
24.96.9.0/24,US,US-AL,Huntsville
24.96.14.0/23,US,US-AL,Huntsville
24.96.18.0/23,US,US-AL,Huntsville
24.96.23.0/24,US,US-AL,Huntsville
24.96.33.0/24,US,US-AL,Huntsville
24.96.42.0/24,US,US-AL,Huntsville
24.96.51.0/24,US,US-AL,Huntsville
24.96.53.0/24,US,US-AL,Huntsville
24.96.64.0/24,US,US-AL,Huntsville
24.96.87.0/24,US,US-AL,Huntsville
24.96.98.0/24,US,US-AL,Huntsville
24.96.140.0/23,US,US-AL,Huntsville
24.96.148.0/23,US,US-AL,Huntsville
24.96.180.0/24,US,US-AL,Huntsville
24.96.183.0/24,US,US-AL,Huntsville
69.73.33.0/24,US,US-AL,Huntsville
24.96.117.0/24,US,US-AL,Huntsville
24.96.118.0/24,US,US-AL,Huntsville
24.96.122.0/24,US,US-AL,Huntsville
24.96.125.0/24,US,US-AL,Huntsville
24.96.130.0/24,US,US-AL,Huntsville
24.96.151.0/24,US,US-AL,Huntsville
24.96.155.0/24,US,US-AL,Huntsville
24.96.157.0/24,US,US-AL,Huntsville
24.96.158.0/23,US,US-AL,Huntsville
24.96.160.0/23,US,US-AL,Huntsville
24.96.171.0/24,US,US-AL,Huntsville
24.96.172.0/23,US,US-AL,Huntsville
24.96.175.0/24,US,US-AL,Huntsville
24.96.181.0/24,US,US-AL,Huntsville
24.96.184.0/24,US,US-AL,Huntsville
24.96.197.0/24,US,US-AL,Huntsville
24.96.222.0/24,US,US-AL,Huntsville
24.96.228.0/24,US,US-AL,Huntsville
24.96.232.0/24,US,US-AL,Huntsville
24.96.235.0/24,US,US-AL,Huntsville
24.96.244.0/23,US,US-AL,Huntsville
24.214.11.0/24,US,US-AL,Huntsville
24.214.15.0/24,US,US-AL,Huntsville
24.214.18.0/24,US,US-AL,Huntsville
24.214.22.0/24,US,US-AL,Huntsville
24.214.23.0/24,US,US-AL,Huntsville
24.214.54.0/24,US,US-AL,Huntsville
24.214.76.0/24,US,US-AL,Huntsville
143.59.114.192/26,US,US-AL,Huntsville
143.59.13.0/24,US,US-AL,Huntsville
23.28.128.0/22,US,US-FL,Pinellas
24.236.112.0/24,US,US-FL,Pinellas
24.35.33.0/24,US,US-FL,Pinellas
23.28.132.0/23,US,US-FL,Pinellas
69.73.54.192/26,US,US-FL,Pinellas
143.59.83.0/24,US,US-FL,Pinellas
23.28.245.0/24,US,US-FL,Pinellas
69.1.19.0/24,US,US-FL,Pinellas
50.4.44.0/23,US,US-FL,Pinellas
# ASTOUND ,,,
# BREEZELINE,,,